{"cameraMode":{"drawMode":0,"name":"Shaded","section":"Shading Mode"},"sceneLighting":false,"audioPlay":false,"sceneViewState":{"showFog":true,"showMaterialUpdate":false,"showSkybox":false,"showFlares":true,"showImageEffects":true,"showParticleSystems":true},"in2DMode":false,"pivot":{"x":45.129112243652347,"y":120.98751831054688,"z":44.84340286254883},"rotation":{"x":0.12758950889110566,"y":0.819901704788208,"z":-0.5206979513168335,"w":0.20090524852275849},"size":4.046300411224365,"orthographic":false}