{"cameraMode":{"drawMode":0,"name":"Shaded","section":"Shading Mode"},"sceneLighting":false,"audioPlay":false,"sceneViewState":{"showFog":true,"showMaterialUpdate":false,"showSkybox":false,"showFlares":true,"showImageEffects":true,"showParticleSystems":true},"in2DMode":false,"pivot":{"x":-0.00782322883605957,"y":0.13528966903686524,"z":-122.93024444580078},"rotation":{"x":0.2670595347881317,"y":0.17626918852329255,"z":-0.049753252416849139,"w":0.9461188316345215},"size":98.90618896484375,"orthographic":false}