{"cameraMode":{"drawMode":0,"name":"Shaded","section":"Shading Mode"},"sceneLighting":false,"audioPlay":false,"sceneViewState":{"showFog":true,"showMaterialUpdate":false,"showSkybox":false,"showFlares":true,"showImageEffects":true,"showParticleSystems":true},"in2DMode":false,"pivot":{"x":-0.0804140567779541,"y":142.3641357421875,"z":-0.1463479995727539},"rotation":{"x":0.07254637032747269,"y":-0.858301043510437,"z":0.12657329440116883,"w":0.49199220538139346},"size":17.388172149658204,"orthographic":false}