{"cameraMode":{"drawMode":0,"name":"Shaded","section":"Shading Mode"},"sceneLighting":false,"audioPlay":false,"sceneViewState":{"showFog":true,"showMaterialUpdate":false,"showSkybox":false,"showFlares":true,"showImageEffects":true,"showParticleSystems":true},"in2DMode":false,"pivot":{"x":0.40941500663757326,"y":49.02375030517578,"z":-0.012160062789916993},"rotation":{"x":0.051615823060274127,"y":-0.7037562131881714,"z":0.05140483006834984,"w":0.7067097425460815},"size":14.926830291748047,"orthographic":false}